{
  "train_loss": [
    0.705447256565094,
    0.5327310849391266,
    0.2112573414203634,
    0.18098870573411568,
    0.17939208413756222,
    0.1639378547770988,
    0.16171399324517186,
    0.15741858304127915,
    0.1575912922330269,
    0.1558699673383471,
    0.1568448845673045,
    0.14749748719463107,
    0.1450259188412253,
    0.1429661911305621,
    0.1375973388176719,
    0.13752375067203143,
    0.13626234014646724,
    0.13072786657908642,
    0.12666858168780257,
    0.1253062350196986
  ],
  "train_acc": [
    0.4974197247706422,
    0.6692947247706422,
    0.9367832568807339,
    0.9465309633027523,
    0.9473910550458715,
    0.9525516055045872,
    0.9542717889908257,
    0.9557052752293578,
    0.9518348623853211,
    0.9545584862385321,
    0.9555619266055045,
    0.9581422018348624,
    0.958572247706422,
    0.9587155963302753,
    0.9597190366972477,
    0.960579128440367,
    0.9587155963302753,
    0.9600057339449541,
    0.9590022935779816,
    0.958572247706422
  ],
  "val_loss": [
    0.693737433311787,
    0.2266208430791789,
    0.13994859345257282,
    0.13520310054275583,
    0.15100587000872226,
    0.12142658970774488,
    0.12038745782635313,
    0.12706425290634024,
    0.11513684856447767,
    0.11919420359141016,
    0.11644810311337735,
    0.11215264762335635,
    0.10949805913928976,
    0.1096861508694735,
    0.10190608397998074,
    0.0984265398868221,
    0.09940702715848988,
    0.09656425399032045,
    0.09836692303577636,
    0.09937482923665579
  ],
  "val_acc": [
    0.53,
    0.9333333333333333,
    0.958,
    0.9573333333333334,
    0.9673333333333334,
    0.9686666666666667,
    0.9686666666666667,
    0.9653333333333334,
    0.9686666666666667,
    0.9693333333333334,
    0.9713333333333334,
    0.9693333333333334,
    0.972,
    0.9693333333333334,
    0.9713333333333334,
    0.9726666666666667,
    0.9706666666666667,
    0.972,
    0.9713333333333334,
    0.9713333333333334
  ],
  "val_f1": [
    0.3671895424836601,
    0.9333847882995675,
    0.9580330760337429,
    0.9573708492339238,
    0.9673479047677189,
    0.9686653947261008,
    0.9686679104527539,
    0.9653434708881118,
    0.9686679104527539,
    0.9693333333333334,
    0.9713272571090708,
    0.9693357404328499,
    0.9719928025191182,
    0.9693357404328499,
    0.9713321696430285,
    0.9726583834354418,
    0.9706617454144365,
    0.9719977015760622,
    0.9713344712652855,
    0.9713344712652855
  ],
  "val_precision": [
    0.28090000000000004,
    0.9366269959143453,
    0.9587825570392925,
    0.9586371790609316,
    0.9675080324003162,
    0.9686649868661489,
    0.9686700180532465,
    0.9654086478914905,
    0.9686700180532465,
    0.9693333333333334,
    0.9713428571428572,
    0.9693416046702851,
    0.9720168458954204,
    0.9693416046702851,
    0.9713318724303336,
    0.9726926594688066,
    0.9706706850039012,
    0.9719988720147209,
    0.9713364754069116,
    0.9713364754069116
  ],
  "val_recall": [
    0.53,
    0.9333333333333333,
    0.958,
    0.9573333333333334,
    0.9673333333333334,
    0.9686666666666667,
    0.9686666666666667,
    0.9653333333333334,
    0.9686666666666667,
    0.9693333333333334,
    0.9713333333333334,
    0.9693333333333334,
    0.972,
    0.9693333333333334,
    0.9713333333333334,
    0.9726666666666667,
    0.9706666666666667,
    0.972,
    0.9713333333333334,
    0.9713333333333334
  ],
  "lr": [
    0.0009938503261272714,
    0.0009755527298894295,
    0.0009455577588320899,
    0.0009046039886902865,
    0.0008536998372026806,
    0.0007940987335200905,
    0.0007272682546199038,
    0.0006548539886902865,
    0.0005786390152875956,
    0.0005005000000000002,
    0.000422360984712405,
    0.00034614601130971394,
    0.0002737317453800965,
    0.00020690126647990978,
    0.00014730016279731957,
    9.639601130971382e-05,
    5.54422411679103e-05,
    2.5447270110570818e-05,
    7.149673872728741e-06,
    1e-06
  ]
}